timestamp,station_id,temperature,humidity,pressure
2019-01-01 00:00:00,AE000041196,17.43,76.0,1013.94
2019-01-01 00:00:00,AEM00041217,17.03,75.3,1013.68
2019-01-01 00:00:00,AEM00041218,19.46,73.9,1013.84
2019-01-01 00:00:00,AFM00040938,17.04,76.4,1013.79
2019-01-01 00:00:00,AFM00040990,16.95,76.4,1013.9
2019-01-01 00:00:00,AG000060390,17.19,74.7,1013.91
2019-01-01 00:00:00,AGE00147708,17.44,76.8,1013.95
2019-01-01 00:00:00,AGE00147716,17.35,75.6,1013.82
2019-01-01 00:10:00,AE000041196,17.88,75.2,1013.77
2019-01-01 00:10:00,AEM00041217,17.21,74.9,1013.68
2019-01-01 00:10:00,AEM00041218,19.88,76.0,1013.75
2019-01-01 00:10:00,AFM00040938,17.06,75.9,1013.86
2019-01-01 00:10:00,AFM00040990,17.38,75.9,1013.81
2019-01-01 00:10:00,AG000060390,17.27,75.7,1013.95
2019-01-01 00:10:00,AGE00147708,17.18,76.3,1013.7
2019-01-01 00:10:00,AGE00147716,17.17,75.1,1013.79
2019-01-01 00:20:00,AE000041196,17.98,74.7,1013.78
2019-01-01 00:20:00,AEM00041217,17.25,75.3,1013.71
2019-01-01 00:20:00,AEM00041218,19.99,75.9,1013.67
2019-01-01 00:20:00,AFM00040938,17.31,75.0,1013.78
2019-01-01 00:20:00,AFM00040990,17.32,74.9,1013.96
2019-01-01 00:20:00,AG000060390,17.31,75.6,1013.74
2019-01-01 00:20:00,AGE00147708,17.3,74.7,1013.7
2019-01-01 00:20:00,AGE00147716,17.73,75.2,1013.74
2019-01-01 00:30:00,AE000041196,17.91,73.8,1013.89
2019-01-01 00:30:00,AEM00041217,17.86,74.7,1013.74
2019-01-01 00:30:00,AEM00041218,20.15,75.0,1013.82
2019-01-01 00:30:00,AFM00040938,17.56,74.4,1013.93
2019-01-01 00:30:00,AFM00040990,17.66,74.5,1013.79
2019-01-01 00:30:00,AG000060390,17.45,74.6,1013.68
2019-01-01 00:30:00,AGE00147708,17.49,74.1,1013.9
2019-01-01 00:30:00,AGE00147716,17.62,74.8,1013.7
2019-01-01 00:40:00,AE000041196,18.13,73.9,1013.78
2019-01-01 00:40:00,AEM00041217,17.67,75.9,1013.78
2019-01-01 00:40:00,AEM00041218,20.26,75.3,1013.59
2019-01-01 00:40:00,AFM00040938,17.77,74.9,1013.72
2019-01-01 00:40:00,AFM00040990,17.76,74.5,1013.65
2019-01-01 00:40:00,AG000060390,17.63,73.4,1013.73
2019-01-01 00:40:00,AGE00147708,17.82,74.0,1013.58
2019-01-01 00:40:00,AGE00147716,17.54,74.7,1013.76
2019-01-01 00:50:00,AE000041196,18.18,74.9,1013.69
2019-01-01 00:50:00,AEM00041217,17.86,74.8,1013.67
2019-01-01 00:50:00,AEM00041218,20.55,73.8,1013.62
2019-01-01 00:50:00,AFM00040938,18.02,73.6,1013.57
2019-01-01 00:50:00,AFM00040990,18.19,74.9,1013.76
2019-01-01 00:50:00,AG000060390,17.9,74.8,1013.87
2019-01-01 00:50:00,AGE00147708,17.5,75.1,1013.74
2019-01-01 00:50:00,AGE00147716,18.0,74.5,1013.57
2019-01-01 01:00:00,AE000041196,18.45,75.1,1013.61
2019-01-01 01:00:00,AEM00041217,17.82,74.2,1013.66
2019-01-01 01:00:00,AEM00041218,20.56,74.7,1013.66
2019-01-01 01:00:00,AFM00040938,17.92,73.5,1013.69
2019-01-01 01:00:00,AFM00040990,18.06,74.5,1013.51
2019-01-01 01:00:00,AG000060390,18.11,73.5,1013.66
2019-01-01 01:00:00,AGE00147708,17.75,74.4,1013.61
2019-01-01 01:00:00,AGE00147716,17.86,73.4,1013.85
2019-01-01 01:10:00,AE000041196,18.43,74.3,1013.69
2019-01-01 01:10:00,AEM00041217,18.06,73.8,1013.7
2019-01-01 01:10:00,AEM00041218,20.87,73.7,1013.57
2019-01-01 01:10:00,AFM00040938,18.16,74.6,1013.63
2019-01-01 01:10:00,AFM00040990,18.19,73.7,1013.58
2019-01-01 01:10:00,AG000060390,18.23,73.5,1013.5
2019-01-01 01:10:00,AGE00147708,18.3,73.7,1013.47
2019-01-01 01:10:00,AGE00147716,18.25,74.2,1013.64
2019-01-01 01:20:00,AE000041196,18.72,74.2,1013.46
2019-01-01 01:20:00,AEM00041217,18.21,73.5,1013.52
2019-01-01 01:20:00,AEM00041218,21.04,73.5,1013.51
2019-01-01 01:20:00,AFM00040938,18.15,72.7,1013.44
2019-01-01 01:20:00,AFM00040990,18.27,73.5,1013.67
2019-01-01 01:20:00,AG000060390,18.45,72.6,1013.5
2019-01-01 01:20:00,AGE00147708,18.21,73.8,1013.53
2019-01-01 01:20:00,AGE00147716,18.15,73.9,1013.5
2019-01-01 01:30:00,AE000041196,18.66,73.3,1013.39
2019-01-01 01:30:00,AEM00041217,18.71,73.6,1013.73
2019-01-01 01:30:00,AEM00041218,21.13,73.3,1013.51
2019-01-01 01:30:00,AFM00040938,18.46,73.3,1013.52
2019-01-01 01:30:00,AFM00040990,18.34,73.0,1013.51
2019-01-01 01:30:00,AG000060390,18.48,73.2,1013.53
2019-01-01 01:30:00,AGE00147708,18.39,72.8,1013.62
2019-01-01 01:30:00,AGE00147716,18.58,73.9,1013.76
2019-01-01 01:40:00,AE000041196,18.96,72.5,1013.56
2019-01-01 01:40:00,AEM00041217,18.73,73.1,1013.5
2019-01-01 01:40:00,AEM00041218,21.21,73.0,1013.44
2019-01-01 01:40:00,AFM00040938,18.44,73.1,1013.46
2019-01-01 01:40:00,AFM00040990,18.7,71.8,1013.59
2019-01-01 01:40:00,AG000060390,18.7,72.9,1013.53
2019-01-01 01:40:00,AGE00147708,18.74,72.9,1013.57
2019-01-01 01:40:00,AGE00147716,18.5,73.0,1013.57
2019-01-01 01:50:00,AE000041196,19.2,72.5,1013.62
2019-01-01 01:50:00,AEM00041217,18.96,72.1,1013.38
2019-01-01 01:50:00,AEM00041218,21.22,72.3,1013.53
2019-01-01 01:50:00,AFM00040938,18.79,72.3,1013.43
2019-01-01 01:50:00,AFM00040990,18.99,72.2,1013.46
2019-01-01 01:50:00,AG000060390,18.58,72.5,1013.47
2019-01-01 01:50:00,AGE00147708,18.9,71.9,1013.58
2019-01-01 01:50:00,AGE00147716,18.82,72.6,1013.52
2019-01-01 02:00:00,AE000041196,19.52,71.4,1013.58
2019-01-01 02:00:00,AEM00041217,18.91,72.5,1013.43
2019-01-01 02:00:00,AEM00041218,21.56,72.0,1013.36
2019-01-01 02:00:00,AFM00040938,18.93,72.7,1013.56
2019-01-01 02:00:00,AFM00040990,19.16,72.1,1013.4
2019-01-01 02:00:00,AG000060390,18.81,72.0,1013.4
2019-01-01 02:00:00,AGE00147708,19.07,72.8,1013.51
2019-01-01 02:00:00,AGE00147716,19.04,72.0,1013.37
2019-01-01 02:10:00,AE000041196,19.52,72.7,1013.5
2019-01-01 02:10:00,AEM00041217,19.2,72.5,1013.46
2019-01-01 02:10:00,AEM00041218,21.62,71.1,1013.46
2019-01-01 02:10:00,AFM00040938,18.95,70.8,1013.35
2019-01-01 02:10:00,AFM00040990,19.03,72.1,1013.38
2019-01-01 02:10:00,AG000060390,19.34,71.4,1013.33
2019-01-01 02:10:00,AGE00147708,18.92,72.2,1013.22
2019-01-01 02:10:00,AGE00147716,19.18,72.1,1013.59
2019-01-01 02:20:00,AE000041196,19.49,71.0,1013.44
2019-01-01 02:20:00,AEM00041217,19.18,70.6,1013.31
2019-01-01 02:20:00,AEM00041218,21.83,71.1,1013.45
2019-01-01 02:20:00,AFM00040938,19.27,71.9,1013.51
2019-01-01 02:20:00,AFM00040990,19.35,70.5,1013.35
2019-01-01 02:20:00,AG000060390,19.32,71.8,1013.39
2019-01-01 02:20:00,AGE00147708,19.23,70.6,1013.39
2019-01-01 02:20:00,AGE00147716,19.39,71.5,1013.44
2019-01-01 02:30:00,AE000041196,19.8,70.9,1013.31
2019-01-01 02:30:00,AEM00041217,19.7,70.6,1013.18
2019-01-01 02:30:00,AEM00041218,21.87,70.8,1013.56
2019-01-01 02:30:00,AFM00040938,19.39,71.3,1013.41
2019-01-01 02:30:00,AFM00040990,19.63,71.5,1013.44
2019-01-01 02:30:00,AG000060390,19.48,70.7,1013.18
2019-01-01 02:30:00,AGE00147708,19.53,71.1,1013.46
2019-01-01 02:30:00,AGE00147716,19.47,71.3,1013.45
2019-01-01 02:40:00,AE000041196,20.06,70.8,1013.52
2019-01-01 02:40:00,AEM00041217,19.67,70.6,1013.29
2019-01-01 02:40:00,AEM00041218,22.15,70.7,1013.27
2019-01-01 02:40:00,AFM00040938,19.59,71.0,1013.36
2019-01-01 02:40:00,AFM00040990,19.71,70.5,1013.52
2019-01-01 02:40:00,AG000060390,19.72,70.1,1013.21
2019-01-01 02:40:00,AGE00147708,19.7,70.5,1013.28
2019-01-01 02:40:00,AGE00147716,19.97,71.0,1013.36
2019-01-01 02:50:00,AE000041196,20.09,70.6,1013.37
2019-01-01 02:50:00,AEM00041217,19.92,69.6,1013.16
2019-01-01 02:50:00,AEM00041218,22.55,70.6,1013.14
2019-01-01 02:50:00,AFM00040938,20.06,70.6,1013.47
2019-01-01 02:50:00,AFM00040990,19.93,70.4,1013.22
2019-01-01 02:50:00,AG000060390,19.82,69.1,1013.27
2019-01-01 02:50:00,AGE00147708,19.77,70.1,1013.2
2019-01-01 02:50:00,AGE00147716,19.94,70.8,1013.42
2019-01-01 03:00:00,AE000041196,20.52,70.1,1013.32
2019-01-01 03:00:00,AEM00041217,20.06,70.8,1013.25
2019-01-01 03:00:00,AEM00041218,22.54,70.2,1013.14
2019-01-01 03:00:00,AFM00040938,20.16,69.3,1013.16
2019-01-01 03:00:00,AFM00040990,20.14,70.1,1013.26
2019-01-01 03:00:00,AG000060390,20.02,69.8,1013.24
2019-01-01 03:00:00,AGE00147708,19.81,70.0,1013.37
2019-01-01 03:00:00,AGE00147716,19.77,71.2,1013.24
2019-01-01 03:10:00,AE000041196,20.77,69.7,1013.19
2019-01-01 03:10:00,AEM00041217,20.13,69.1,1013.12
2019-01-01 03:10:00,AEM00041218,22.87,70.1,1013.44
2019-01-01 03:10:00,AFM00040938,20.47,70.2,1013.22
2019-01-01 03:10:00,AFM00040990,20.19,70.8,1013.28
2019-01-01 03:10:00,AG000060390,20.04,69.8,1013.3
2019-01-01 03:10:00,AGE00147708,20.23,69.5,1013.27
2019-01-01 03:10:00,AGE00147716,20.43,69.6,1013.07
2019-01-01 03:20:00,AE000041196,20.95,69.5,1013.18
2019-01-01 03:20:00,AEM00041217,20.18,69.0,1013.09
2019-01-01 03:20:00,AEM00041218,22.79,69.4,1013.2
2019-01-01 03:20:00,AFM00040938,20.36,69.7,1013.22
2019-01-01 03:20:00,AFM00040990,20.16,68.8,1013.19
2019-01-01 03:20:00,AG000060390,20.24,70.3,1013.31
2019-01-01 03:20:00,AGE00147708,20.47,69.7,1013.03
2019-01-01 03:20:00,AGE00147716,20.08,69.4,1013.06
2019-01-01 03:30:00,AE000041196,21.04,69.7,1013.19
2019-01-01 03:30:00,AEM00041217,20.46,69.0,1013.07
2019-01-01 03:30:00,AEM00041218,23.05,68.9,1013.13
2019-01-01 03:30:00,AFM00040938,20.52,68.9,1013.03
2019-01-01 03:30:00,AFM00040990,20.63,69.3,1013.09
2019-01-01 03:30:00,AG000060390,20.38,68.0,1013.25
2019-01-01 03:30:00,AGE00147708,20.41,69.0,1013.18
2019-01-01 03:30:00,AGE00147716,20.58,69.7,1013.12
2019-01-01 03:40:00,AE000041196,20.95,68.9,1013.11
2019-01-01 03:40:00,AEM00041217,20.94,69.3,1013.18
2019-01-01 03:40:00,AEM00041218,23.0,68.8,1013.16
2019-01-01 03:40:00,AFM00040938,20.67,68.4,1013.18
2019-01-01 03:40:00,AFM00040990,20.67,68.5,1013.03
2019-01-01 03:40:00,AG000060390,20.74,69.4,1012.96
2019-01-01 03:40:00,AGE00147708,20.58,68.7,1012.96
2019-01-01 03:40:00,AGE00147716,20.82,67.6,1012.94
2019-01-01 03:50:00,AE000041196,21.55,68.0,1013.05
2019-01-01 03:50:00,AEM00041217,20.98,68.0,1012.96
2019-01-01 03:50:00,AEM00041218,23.27,68.5,1013.14
2019-01-01 03:50:00,AFM00040938,20.97,68.3,1013.08
2019-01-01 03:50:00,AFM00040990,21.1,68.5,1013.14
2019-01-01 03:50:00,AG000060390,20.83,67.5,1013.09
2019-01-01 03:50:00,AGE00147708,20.99,68.0,1012.86
2019-01-01 03:50:00,AGE00147716,20.89,68.1,1013.0
2019-01-01 04:00:00,AE000041196,21.67,68.4,1013.24
2019-01-01 04:00:00,AEM00041217,21.18,67.9,1013.0
2019-01-01 04:00:00,AEM00041218,23.63,66.7,1013.07
2019-01-01 04:00:00,AFM00040938,21.04,68.0,1012.83
2019-01-01 04:00:00,AFM00040990,21.11,67.7,1012.87
2019-01-01 04:00:00,AG000060390,20.95,67.7,1013.04
2019-01-01 04:00:00,AGE00147708,20.64,67.5,1013.02
2019-01-01 04:00:00,AGE00147716,20.98,67.5,1013.04
2019-01-01 04:10:00,AE000041196,21.98,67.8,1013.05
2019-01-01 04:10:00,AEM00041217,21.26,66.9,1012.98
2019-01-01 04:10:00,AEM00041218,23.75,67.6,1012.99
2019-01-01 04:10:00,AFM00040938,21.24,67.0,1013.18
2019-01-01 04:10:00,AFM00040990,21.14,67.4,1013.15
2019-01-01 04:10:00,AG000060390,21.34,66.8,1012.99
2019-01-01 04:10:00,AGE00147708,20.98,67.4,1012.96
2019-01-01 04:10:00,AGE00147716,21.09,67.2,1013.25
2019-01-01 04:20:00,AE000041196,21.8,67.9,1012.91
2019-01-01 04:20:00,AEM00041217,21.31,66.9,1013.05
2019-01-01 04:20:00,AEM00041218,23.72,66.7,1013.2
2019-01-01 04:20:00,AFM00040938,21.59,68.0,1012.97
2019-01-01 04:20:00,AFM00040990,21.24,67.9,1013.06
2019-01-01 04:20:00,AG000060390,21.34,66.8,1013.04
2019-01-01 04:20:00,AGE00147708,21.3,68.1,1012.9
2019-01-01 04:20:00,AGE00147716,21.15,67.7,1013.03
2019-01-01 04:30:00,AE000041196,21.84,66.7,1013.05
2019-01-01 04:30:00,AEM00041217,21.42,66.4,1012.86
2019-01-01 04:30:00,AEM00041218,24.16,67.4,1012.95
2019-01-01 04:30:00,AFM00040938,21.6,66.0,1012.85
2019-01-01 04:30:00,AFM00040990,21.51,66.4,1012.88
2019-01-01 04:30:00,AG000060390,21.6,66.8,1012.86
2019-01-01 04:30:00,AGE00147708,21.7,66.2,1012.91
2019-01-01 04:30:00,AGE00147716,21.3,66.7,1013.03
2019-01-01 04:40:00,AE000041196,22.24,66.7,1012.89
2019-01-01 04:40:00,AEM00041217,21.37,66.7,1012.93
2019-01-01 04:40:00,AEM00041218,24.35,65.7,1013.15
2019-01-01 04:40:00,AFM00040938,21.66,66.5,1013.05
2019-01-01 04:40:00,AFM00040990,21.65,66.6,1012.91
2019-01-01 04:40:00,AG000060390,21.78,67.2,1013.02
2019-01-01 04:40:00,AGE00147708,21.79,65.5,1013.03
2019-01-01 04:40:00,AGE00147716,21.73,66.1,1012.93
2019-01-01 04:50:00,AE000041196,22.12,66.4,1012.88
2019-01-01 04:50:00,AEM00041217,21.71,66.5,1013.02
2019-01-01 04:50:00,AEM00041218,24.39,65.7,1012.85
2019-01-01 04:50:00,AFM00040938,21.72,66.1,1012.77
2019-01-01 04:50:00,AFM00040990,22.05,66.1,1012.89
2019-01-01 04:50:00,AG000060390,21.82,65.8,1012.82
2019-01-01 04:50:00,AGE00147708,22.03,66.4,1012.89
2019-01-01 04:50:00,AGE00147716,21.8,66.7,1012.79
2019-01-01 05:00:00,AE000041196,22.46,65.3,1012.86
2019-01-01 05:00:00,AEM00041217,21.96,66.0,1012.72
2019-01-01 05:00:00,AEM00041218,24.48,65.6,1012.96
2019-01-01 05:00:00,AFM00040938,21.84,66.3,1012.81
2019-01-01 05:00:00,AFM00040990,21.82,66.0,1012.9
2019-01-01 05:00:00,AG000060390,22.05,66.9,1012.82
2019-01-01 05:00:00,AGE00147708,21.73,66.5,1012.88
2019-01-01 05:00:00,AGE00147716,22.07,65.8,1013.02
2019-01-01 05:10:00,AE000041196,22.72,66.4,1012.77
2019-01-01 05:10:00,AEM00041217,22.37,66.4,1012.79
2019-01-01 05:10:00,AEM00041218,24.59,65.9,1012.79
2019-01-01 05:10:00,AFM00040938,22.27,65.5,1012.88
2019-01-01 05:10:00,AFM00040990,22.14,65.7,1012.74
2019-01-01 05:10:00,AG000060390,22.38,65.5,1012.93
2019-01-01 05:10:00,AGE00147708,22.07,66.4,1012.89
2019-01-01 05:10:00,AGE00147716,21.85,66.1,1012.92
2019-01-01 05:20:00,AE000041196,22.48,65.5,1012.98
2019-01-01 05:20:00,AEM00041217,22.16,64.6,1012.95
2019-01-01 05:20:00,AEM00041218,25.04,65.2,1012.78
2019-01-01 05:20:00,AFM00040938,22.4,65.8,1012.6
2019-01-01 05:20:00,AFM00040990,22.19,66.2,1012.92
2019-01-01 05:20:00,AG000060390,22.33,66.0,1012.83
2019-01-01 05:20:00,AGE00147708,22.47,65.2,1012.93
2019-01-01 05:20:00,AGE00147716,21.98,65.8,1012.95
2019-01-01 05:30:00,AE000041196,22.68,65.7,1012.63
2019-01-01 05:30:00,AEM00041217,22.54,65.5,1012.69
2019-01-01 05:30:00,AEM00041218,24.96,65.5,1012.64
2019-01-01 05:30:00,AFM00040938,22.48,65.3,1012.67
2019-01-01 05:30:00,AFM00040990,22.34,65.4,1012.88
2019-01-01 05:30:00,AG000060390,22.58,65.2,1012.7
2019-01-01 05:30:00,AGE00147708,22.29,64.2,1012.89
2019-01-01 05:30:00,AGE00147716,22.58,65.3,1012.86
2019-01-01 05:40:00,AE000041196,23.1,64.4,1012.76
2019-01-01 05:40:00,AEM00041217,22.66,64.8,1012.65
2019-01-01 05:40:00,AEM00041218,25.15,64.3,1012.8
2019-01-01 05:40:00,AFM00040938,22.64,65.0,1012.76
2019-01-01 05:40:00,AFM00040990,22.65,64.7,1012.83
2019-01-01 05:40:00,AG000060390,22.55,65.5,1012.69
2019-01-01 05:40:00,AGE00147708,22.46,65.4,1012.86
2019-01-01 05:40:00,AGE00147716,22.7,65.2,1012.89
2019-01-01 05:50:00,AE000041196,23.34,65.0,1012.66
2019-01-01 05:50:00,AEM00041217,22.94,64.5,1012.61
2019-01-01 05:50:00,AEM00041218,25.12,64.6,1012.7
2019-01-01 05:50:00,AFM00040938,22.62,64.0,1012.71
2019-01-01 05:50:00,AFM00040990,22.78,65.7,1012.73
2019-01-01 05:50:00,AG000060390,22.87,64.0,1012.63
2019-01-01 05:50:00,AGE00147708,22.75,64.5,1012.64
2019-01-01 05:50:00,AGE00147716,22.85,64.7,1012.63
2019-01-01 06:00:00,AE000041196,23.05,64.5,1012.81
2019-01-01 06:00:00,AEM00041217,22.61,63.9,1012.7
2019-01-01 06:00:00,AEM00041218,25.46,63.8,1012.63
2019-01-01 06:00:00,AFM00040938,22.76,64.6,1012.58
2019-01-01 06:00:00,AFM00040990,22.54,64.9,1012.99
2019-01-01 06:00:00,AG000060390,23.05,64.6,1012.66
2019-01-01 06:00:00,AGE00147708,22.92,64.7,1012.52
2019-01-01 06:00:00,AGE00147716,22.76,65.1,1012.59
2019-01-01 06:10:00,AE000041196,23.45,64.4,1012.64
2019-01-01 06:10:00,AEM00041217,22.98,64.0,1012.64
2019-01-01 06:10:00,AEM00041218,25.33,64.1,1012.68
2019-01-01 06:10:00,AFM00040938,22.87,63.6,1012.76
2019-01-01 06:10:00,AFM00040990,22.88,64.3,1012.47
2019-01-01 06:10:00,AG000060390,23.08,63.9,1012.57
2019-01-01 06:10:00,AGE00147708,22.64,64.1,1012.57
2019-01-01 06:10:00,AGE00147716,22.65,64.0,1012.78
2019-01-01 06:20:00,AE000041196,23.56,63.1,1012.61
2019-01-01 06:20:00,AEM00041217,22.84,63.6,1012.8
2019-01-01 06:20:00,AEM00041218,25.48,64.8,1012.61
2019-01-01 06:20:00,AFM00040938,23.17,63.8,1012.67
2019-01-01 06:20:00,AFM00040990,23.07,64.4,1012.59
2019-01-01 06:20:00,AG000060390,23.14,63.8,1012.6
2019-01-01 06:20:00,AGE00147708,23.0,64.3,1012.62
2019-01-01 06:20:00,AGE00147716,23.14,63.8,1012.61
2019-01-01 06:30:00,AE000041196,23.47,63.4,1012.7
2019-01-01 06:30:00,AEM00041217,23.37,63.5,1012.53
2019-01-01 06:30:00,AEM00041218,25.53,63.6,1012.72
2019-01-01 06:30:00,AFM00040938,23.32,63.4,1012.54
2019-01-01 06:30:00,AFM00040990,22.91,63.4,1012.53
2019-01-01 06:30:00,AG000060390,23.29,63.7,1012.66
2019-01-01 06:30:00,AGE00147708,23.27,64.6,1012.58
2019-01-01 06:30:00,AGE00147716,23.05,64.3,1012.48
2019-01-01 06:40:00,AE000041196,23.89,63.5,1012.48
2019-01-01 06:40:00,AEM00041217,23.33,62.7,1012.6
2019-01-01 06:40:00,AEM00041218,25.8,63.1,1012.51
2019-01-01 06:40:00,AFM00040938,23.11,63.0,1012.72
2019-01-01 06:40:00,AFM00040990,23.35,63.9,1012.53
2019-01-01 06:40:00,AG000060390,23.15,62.9,1012.57
2019-01-01 06:40:00,AGE00147708,23.35,63.6,1012.5
2019-01-01 06:40:00,AGE00147716,23.25,63.6,1012.52
2019-01-01 06:50:00,AE000041196,23.44,62.2,1012.62
2019-01-01 06:50:00,AEM00041217,23.32,62.6,1012.6
2019-01-01 06:50:00,AEM00041218,26.08,63.5,1012.44
2019-01-01 06:50:00,AFM00040938,23.33,63.5,1012.63
2019-01-01 06:50:00,AFM00040990,23.25,63.0,1012.37
2019-01-01 06:50:00,AG000060390,23.46,63.4,1012.51
2019-01-01 06:50:00,AGE00147708,23.49,63.7,1012.73
2019-01-01 06:50:00,AGE00147716,23.26,63.5,1012.56
2019-01-01 07:00:00,AE000041196,23.92,64.0,1012.65
2019-01-01 07:00:00,AEM00041217,23.6,62.8,1012.44
2019-01-01 07:00:00,AEM00041218,26.13,62.5,1012.64
2019-01-01 07:00:00,AFM00040938,23.39,63.0,1012.6
2019-01-01 07:00:00,AFM00040990,23.43,62.3,1012.55
2019-01-01 07:00:00,AG000060390,23.44,62.4,1012.48
2019-01-01 07:00:00,AGE00147708,23.56,63.0,1012.55
2019-01-01 07:00:00,AGE00147716,23.5,63.2,1012.6
2019-01-01 07:10:00,AE000041196,23.95,63.3,1012.49
2019-01-01 07:10:00,AEM00041217,23.53,63.3,1012.73
2019-01-01 07:10:00,AEM00041218,25.94,63.3,1012.47
2019-01-01 07:10:00,AFM00040938,23.53,63.6,1012.54
2019-01-01 07:10:00,AFM00040990,23.65,63.0,1012.58
2019-01-01 07:10:00,AG000060390,23.43,63.0,1012.42
2019-01-01 07:10:00,AGE00147708,23.48,62.2,1012.74
2019-01-01 07:10:00,AGE00147716,23.75,62.9,1012.53
2019-01-01 07:20:00,AE000041196,24.01,62.6,1012.46
2019-01-01 07:20:00,AEM00041217,23.47,62.9,1012.55
2019-01-01 07:20:00,AEM00041218,26.2,63.1,1012.42
2019-01-01 07:20:00,AFM00040938,23.67,63.5,1012.56
2019-01-01 07:20:00,AFM00040990,23.28,62.6,1012.67
2019-01-01 07:20:00,AG000060390,23.65,63.9,1012.76
2019-01-01 07:20:00,AGE00147708,23.83,62.5,1012.45
2019-01-01 07:20:00,AGE00147716,23.72,63.1,1012.51
2019-01-01 07:30:00,AE000041196,24.23,62.7,1012.34
2019-01-01 07:30:00,AEM00041217,23.48,62.8,1012.58
2019-01-01 07:30:00,AEM00041218,26.1,62.7,1012.46
2019-01-01 07:30:00,AFM00040938,23.67,62.4,1012.54
2019-01-01 07:30:00,AFM00040990,23.82,62.2,1012.59
2019-01-01 07:30:00,AG000060390,23.8,62.9,1012.54
2019-01-01 07:30:00,AGE00147708,23.68,62.2,1012.61
2019-01-01 07:30:00,AGE00147716,23.55,62.6,1012.51
2019-01-01 07:40:00,AE000041196,24.16,62.3,1012.69
2019-01-01 07:40:00,AEM00041217,23.64,61.3,1012.47
2019-01-01 07:40:00,AEM00041218,26.13,61.7,1012.48
2019-01-01 07:40:00,AFM00040938,23.64,62.8,1012.44
2019-01-01 07:40:00,AFM00040990,23.72,61.7,1012.37
2019-01-01 07:40:00,AG000060390,23.61,63.3,1012.43
2019-01-01 07:40:00,AGE00147708,23.8,62.0,1012.57
2019-01-01 07:40:00,AGE00147716,24.02,62.1,1012.65
2019-01-01 07:50:00,AE000041196,24.24,61.7,1012.52
2019-01-01 07:50:00,AEM00041217,23.98,61.9,1012.62
2019-01-01 07:50:00,AEM00041218,26.34,62.9,1012.49
2019-01-01 07:50:00,AFM00040938,23.62,63.0,1012.65
2019-01-01 07:50:00,AFM00040990,23.72,61.6,1012.62
2019-01-01 07:50:00,AG000060390,23.76,63.1,1012.43
2019-01-01 07:50:00,AGE00147708,23.94,62.6,1012.47
2019-01-01 07:50:00,AGE00147716,23.67,62.9,1012.35
2019-01-01 08:00:00,AE000041196,24.12,62.8,1012.48
2019-01-01 08:00:00,AEM00041217,24.01,62.3,1012.56
2019-01-01 08:00:00,AEM00041218,26.44,61.9,1012.58
2019-01-01 08:00:00,AFM00040938,23.92,61.8,1012.5
2019-01-01 08:00:00,AFM00040990,24.08,62.8,1012.59
2019-01-01 08:00:00,AG000060390,24.2,62.4,1012.37
2019-01-01 08:00:00,AGE00147708,23.91,61.3,1012.25
2019-01-01 08:00:00,AGE00147716,23.79,62.7,1012.48
2019-01-01 08:10:00,AE000041196,24.6,60.4,1012.44
2019-01-01 08:10:00,AEM00041217,24.12,61.8,1012.52
2019-01-01 08:10:00,AEM00041218,26.27,61.6,1012.45
2019-01-01 08:10:00,AFM00040938,23.88,62.8,1012.62
2019-01-01 08:10:00,AFM00040990,24.22,61.6,1012.37
2019-01-01 08:10:00,AG000060390,24.06,61.7,1012.61
2019-01-01 08:10:00,AGE00147708,23.97,61.3,1012.57
2019-01-01 08:10:00,AGE00147716,23.88,61.7,1012.46
2019-01-01 08:20:00,AE000041196,24.44,62.6,1012.44
2019-01-01 08:20:00,AEM00041217,24.09,61.7,1012.57
2019-01-01 08:20:00,AEM00041218,26.44,61.9,1012.42
2019-01-01 08:20:00,AFM00040938,23.92,61.5,1012.32
2019-01-01 08:20:00,AFM00040990,24.01,61.4,1012.38
2019-01-01 08:20:00,AG000060390,23.87,61.9,1012.46
2019-01-01 08:20:00,AGE00147708,23.9,62.4,1012.42
2019-01-01 08:20:00,AGE00147716,23.66,62.7,1012.36
2019-01-01 08:30:00,AE000041196,24.52,60.8,1012.42
2019-01-01 08:30:00,AEM00041217,23.98,62.2,1012.47
2019-01-01 08:30:00,AEM00041218,26.48,62.3,1012.35
2019-01-01 08:30:00,AFM00040938,23.92,62.2,1012.49
2019-01-01 08:30:00,AFM00040990,24.02,62.6,1012.49
2019-01-01 08:30:00,AG000060390,24.22,61.8,1012.24
2019-01-01 08:30:00,AGE00147708,23.86,62.5,1012.44
2019-01-01 08:30:00,AGE00147716,24.04,62.2,1012.42
2019-01-01 08:40:00,AE000041196,24.28,61.6,1012.34
2019-01-01 08:40:00,AEM00041217,23.82,61.2,1012.52
2019-01-01 08:40:00,AEM00041218,26.57,61.5,1012.48
2019-01-01 08:40:00,AFM00040938,24.07,61.9,1012.7
2019-01-01 08:40:00,AFM00040990,23.97,62.4,1012.38
2019-01-01 08:40:00,AG000060390,24.0,62.6,1012.62
2019-01-01 08:40:00,AGE00147708,24.11,62.1,1012.58
2019-01-01 08:40:00,AGE00147716,24.04,63.0,1012.37
2019-01-01 08:50:00,AE000041196,24.53,61.2,1012.59
2019-01-01 08:50:00,AEM00041217,23.83,63.2,1012.5
2019-01-01 08:50:00,AEM00041218,26.5,61.8,1012.52
2019-01-01 08:50:00,AFM00040938,24.35,61.5,1012.53
2019-01-01 08:50:00,AFM00040990,23.77,62.8,1012.58
2019-01-01 08:50:00,AG000060390,24.01,61.6,1012.48
2019-01-01 08:50:00,AGE00147708,24.23,61.8,1012.46
2019-01-01 08:50:00,AGE00147716,23.81,61.9,1012.35
2019-01-01 09:00:00,AE000041196,24.5,62.3,1012.6
2019-01-01 09:00:00,AEM00041217,24.33,62.1,1012.49
2019-01-01 09:00:00,AEM00041218,26.47,61.1,1012.59
2019-01-01 09:00:00,AFM00040938,24.15,61.2,1012.4
2019-01-01 09:00:00,AFM00040990,24.02,62.8,1012.56
2019-01-01 09:00:00,AG000060390,23.96,62.5,1012.38
2019-01-01 09:00:00,AGE00147708,23.87,62.8,1012.44
2019-01-01 09:00:00,AGE00147716,23.88,62.2,1012.3
2019-01-01 09:10:00,AE000041196,24.62,61.7,1012.39
2019-01-01 09:10:00,AEM00041217,23.89,61.7,1012.34
2019-01-01 09:10:00,AEM00041218,26.88,61.9,1012.53
2019-01-01 09:10:00,AFM00040938,23.9,62.2,1012.47
2019-01-01 09:10:00,AFM00040990,23.89,62.6,1012.35
2019-01-01 09:10:00,AG000060390,24.03,61.0,1012.38
2019-01-01 09:10:00,AGE00147708,24.24,61.6,1012.5
2019-01-01 09:10:00,AGE00147716,23.9,62.0,1012.43
2019-01-01 09:20:00,AE000041196,24.27,62.1,1012.61
2019-01-01 09:20:00,AEM00041217,23.87,62.1,1012.41
2019-01-01 09:20:00,AEM00041218,26.6,61.5,1012.35
2019-01-01 09:20:00,AFM00040938,24.02,62.6,1012.54
2019-01-01 09:20:00,AFM00040990,24.0,61.6,1012.55
2019-01-01 09:20:00,AG000060390,23.92,62.1,1012.51
2019-01-01 09:20:00,AGE00147708,23.88,62.3,1012.54
2019-01-01 09:20:00,AGE00147716,24.0,62.3,1012.58
2019-01-01 09:30:00,AE000041196,24.48,62.4,1012.49
2019-01-01 09:30:00,AEM00041217,23.93,62.5,1012.36
2019-01-01 09:30:00,AEM00041218,26.88,61.7,1012.42
2019-01-01 09:30:00,AFM00040938,24.01,60.8,1012.42
2019-01-01 09:30:00,AFM00040990,24.1,61.8,1012.32
2019-01-01 09:30:00,AG000060390,23.8,62.5,1012.37
2019-01-01 09:30:00,AGE00147708,24.08,62.9,1012.48
2019-01-01 09:30:00,AGE00147716,23.85,62.9,1012.47
2019-01-01 09:40:00,AE000041196,24.45,62.8,1012.53
2019-01-01 09:40:00,AEM00041217,23.92,62.2,1012.41
2019-01-01 09:40:00,AEM00041218,26.37,61.9,1012.37
2019-01-01 09:40:00,AFM00040938,24.08,62.2,1012.45
2019-01-01 09:40:00,AFM00040990,24.03,62.1,1012.43
2019-01-01 09:40:00,AG000060390,23.9,62.1,1012.42
2019-01-01 09:40:00,AGE00147708,24.13,61.8,1012.5
2019-01-01 09:40:00,AGE00147716,23.83,62.6,1012.64
2019-01-01 09:50:00,AE000041196,24.13,60.9,1012.41
2019-01-01 09:50:00,AEM00041217,23.76,61.7,1012.23
2019-01-01 09:50:00,AEM00041218,26.18,62.5,1012.46
2019-01-01 09:50:00,AFM00040938,23.79,62.1,1012.64
2019-01-01 09:50:00,AFM00040990,24.0,62.3,1012.6
2019-01-01 09:50:00,AG000060390,23.74,63.1,1012.54
2019-01-01 09:50:00,AGE00147708,23.66,61.8,1012.34
2019-01-01 09:50:00,AGE00147716,23.99,62.8,1012.41
2019-01-01 10:00:00,AE000041196,24.34,61.1,1012.49
2019-01-01 10:00:00,AEM00041217,23.85,61.8,1012.61
2019-01-01 10:00:00,AEM00041218,26.19,63.3,1012.54
2019-01-01 10:00:00,AFM00040938,24.04,62.6,1012.54
2019-01-01 10:00:00,AFM00040990,23.8,62.3,1012.38
2019-01-01 10:00:00,AG000060390,24.14,61.7,1012.58
2019-01-01 10:00:00,AGE00147708,23.92,61.3,1012.48
2019-01-01 10:00:00,AGE00147716,23.96,62.0,1012.28
2019-01-01 10:10:00,AE000041196,24.28,63.1,1012.47
2019-01-01 10:10:00,AEM00041217,23.79,62.5,1012.53
2019-01-01 10:10:00,AEM00041218,26.07,62.0,1012.65
2019-01-01 10:10:00,AFM00040938,24.03,62.9,1012.4
2019-01-01 10:10:00,AFM00040990,23.61,62.6,1012.46
2019-01-01 10:10:00,AG000060390,23.74,62.2,1012.31
2019-01-01 10:10:00,AGE00147708,23.61,62.5,1012.66
2019-01-01 10:10:00,AGE00147716,23.6,62.9,1012.45
2019-01-01 10:20:00,AE000041196,23.87,63.1,1012.4
2019-01-01 10:20:00,AEM00041217,23.79,62.7,1012.37
2019-01-01 10:20:00,AEM00041218,26.12,62.7,1012.58
2019-01-01 10:20:00,AFM00040938,23.71,63.5,1012.51
2019-01-01 10:20:00,AFM00040990,23.75,62.4,1012.45
2019-01-01 10:20:00,AG000060390,23.69,62.3,1012.52
2019-01-01 10:20:00,AGE00147708,23.74,61.6,1012.5
2019-01-01 10:20:00,AGE00147716,23.89,62.6,1012.4
2019-01-01 10:30:00,AE000041196,24.21,62.9,1012.6
2019-01-01 10:30:00,AEM00041217,23.79,61.8,1012.58
2019-01-01 10:30:00,AEM00041218,26.35,62.7,1012.51
2019-01-01 10:30:00,AFM00040938,23.66,62.3,1012.41
2019-01-01 10:30:00,AFM00040990,23.78,61.7,1012.43
2019-01-01 10:30:00,AG000060390,23.42,63.1,1012.51
2019-01-01 10:30:00,AGE00147708,23.79,62.2,1012.63
2019-01-01 10:30:00,AGE00147716,23.58,62.9,1012.48
2019-01-01 10:40:00,AE000041196,24.15,63.6,1012.45
2019-01-01 10:40:00,AEM00041217,23.19,62.0,1012.56
2019-01-01 10:40:00,AEM00041218,26.2,62.9,1012.37
2019-01-01 10:40:00,AFM00040938,23.81,62.3,1012.46
2019-01-01 10:40:00,AFM00040990,23.5,62.6,1012.59
2019-01-01 10:40:00,AG000060390,23.58,64.0,1012.6
2019-01-01 10:40:00,AGE00147708,23.61,62.4,1012.65
2019-01-01 10:40:00,AGE00147716,23.53,61.9,1012.5
2019-01-01 10:50:00,AE000041196,23.86,62.5,1012.61
2019-01-01 10:50:00,AEM00041217,23.44,63.4,1012.6
2019-01-01 10:50:00,AEM00041218,26.13,63.2,1012.55
2019-01-01 10:50:00,AFM00040938,23.55,62.8,1012.6
2019-01-01 10:50:00,AFM00040990,23.37,62.9,1012.57
2019-01-01 10:50:00,AG000060390,23.59,63.2,1012.76
2019-01-01 10:50:00,AGE00147708,23.48,62.2,1012.47
2019-01-01 10:50:00,AGE00147716,23.63,62.9,1012.68
2019-01-01 11:00:00,AE000041196,23.73,63.3,1012.53
2019-01-01 11:00:00,AEM00041217,23.5,63.3,1012.68
2019-01-01 11:00:00,AEM00041218,25.98,63.2,1012.6
2019-01-01 11:00:00,AFM00040938,23.49,63.5,1012.56
2019-01-01 11:00:00,AFM00040990,23.84,63.7,1012.43
2019-01-01 11:00:00,AG000060390,23.51,61.9,1012.78
2019-01-01 11:00:00,AGE00147708,23.5,62.6,1012.68
2019-01-01 11:00:00,AGE00147716,23.29,63.4,1012.47
2019-01-01 11:10:00,AE000041196,23.84,63.3,1012.53
2019-01-01 11:10:00,AEM00041217,23.4,63.5,1012.75
2019-01-01 11:10:00,AEM00041218,25.69,62.1,1012.6
2019-01-01 11:10:00,AFM00040938,23.5,63.7,1012.75
2019-01-01 11:10:00,AFM00040990,23.21,63.8,1012.55
2019-01-01 11:10:00,AG000060390,23.48,62.5,1012.7
2019-01-01 11:10:00,AGE00147708,23.48,63.3,1012.64
2019-01-01 11:10:00,AGE00147716,23.45,63.8,1012.59
2019-01-01 11:20:00,AE000041196,23.82,63.3,1012.69
2019-01-01 11:20:00,AEM00041217,23.44,63.4,1012.74
2019-01-01 11:20:00,AEM00041218,25.72,63.1,1012.51
2019-01-01 11:20:00,AFM00040938,23.57,63.2,1012.66
2019-01-01 11:20:00,AFM00040990,23.27,63.9,1012.41
2019-01-01 11:20:00,AG000060390,23.01,64.0,1012.59
2019-01-01 11:20:00,AGE00147708,23.44,63.9,1012.59
2019-01-01 11:20:00,AGE00147716,23.35,63.3,1012.64
2019-01-01 11:30:00,AE000041196,23.58,64.4,1012.35
2019-01-01 11:30:00,AEM00041217,23.36,63.9,1012.66
2019-01-01 11:30:00,AEM00041218,25.61,63.6,1012.52
2019-01-01 11:30:00,AFM00040938,23.2,63.5,1012.58
2019-01-01 11:30:00,AFM00040990,23.33,63.9,1012.55
2019-01-01 11:30:00,AG000060390,23.06,63.5,1012.6
2019-01-01 11:30:00,AGE00147708,23.1,63.5,1012.55
2019-01-01 11:30:00,AGE00147716,23.48,63.9,1012.66
2019-01-01 11:40:00,AE000041196,23.29,62.6,1012.62
2019-01-01 11:40:00,AEM00041217,23.13,64.1,1012.62
2019-01-01 11:40:00,AEM00041218,25.56,63.3,1012.55
2019-01-01 11:40:00,AFM00040938,22.88,63.8,1012.62
2019-01-01 11:40:00,AFM00040990,23.12,62.8,1012.61
2019-01-01 11:40:00,AG000060390,23.05,64.3,1012.8
2019-01-01 11:40:00,AGE00147708,23.04,64.1,1012.59
2019-01-01 11:40:00,AGE00147716,23.12,63.9,1012.58
2019-01-01 11:50:00,AE000041196,23.66,64.4,1012.65
2019-01-01 11:50:00,AEM00041217,22.92,63.6,1012.83
2019-01-01 11:50:00,AEM00041218,25.44,64.4,1012.77
2019-01-01 11:50:00,AFM00040938,22.83,63.6,1012.55
2019-01-01 11:50:00,AFM00040990,22.98,64.5,1012.69
2019-01-01 11:50:00,AG000060390,23.18,64.5,1012.74
2019-01-01 11:50:00,AGE00147708,23.29,64.2,1012.62
2019-01-01 11:50:00,AGE00147716,22.75,64.0,1012.61
